DateTime,RandomNumber
05/24/2024 23:49:45,5910456
03/05/2024 04:33:17,19993855
06/29/2024 19:03:17,99887058
05/05/2024 22:52:02,60419062
10/02/2024 13:48:25,51806710
11/09/2024 18:48:10,7292547
08/14/2024 07:51:50,71705623
01/26/2024 01:22:20,57963691
10/24/2024 23:23:27,4436995
04/22/2024 21:53:34,44988092
02/20/2024 18:47:49,95194672
09/14/2024 16:33:01,90179816
08/16/2024 22:36:43,19927686
04/26/2024 21:37:56,80817802
08/20/2024 01:13:31,32477669
05/09/2024 08:39:26,27118310
01/07/2024 17:48:18,24028738
11/03/2024 07:45:31,5991888
06/02/2024 13:17:35,72905779
05/14/2024 05:13:24,45575650
08/22/2024 00:14:38,79043941
06/14/2024 12:05:07,38266603
07/21/2024 04:00:10,29736021
03/06/2024 14:19:35,89074436
06/29/2024 23:06:12,94048263
09/15/2024 02:06:38,84345788
08/03/2024 18:41:54,5103960
10/25/2024 23:13:15,26023715
10/23/2024 08:04:02,96744251
10/21/2024 14:15:41,27663614
01/18/2024 20:43:03,88845229
04/06/2024 18:04:19,11747724
08/03/2024 15:39:15,93082327
07/03/2024 19:33:43,36654230
03/27/2024 05:21:12,27956585
04/23/2024 13:53:13,70393055
09/26/2024 10:56:31,38418471
02/03/2024 13:38:38,14112978
04/18/2024 16:06:15,6141099
07/15/2024 23:23:57,61266338
10/13/2024 20:53:11,58454007
08/30/2024 04:44:35,22998219
01/17/2024 12:33:31,93176189
10/21/2024 08:26:29,85647549
09/15/2024 03:38:10,19143318
09/16/2024 07:21:28,2299290
04/23/2024 20:58:58,70265590
01/07/2024 08:20:25,58313419
10/13/2024 23:27:00,30498789
02/20/2024 03:07:29,25092646
08/19/2024 17:24:39,41595039
08/15/2024 15:52:36,38275531
01/23/2024 04:33:43,32043858
06/02/2024 22:05:38,37356843
06/07/2024 21:02:35,42395952
01/26/2024 15:06:45,64915818
10/20/2024 05:43:37,17845631
09/14/2024 17:10:28,53504340
05/07/2024 09:38:08,63687132
01/14/2024 16:03:03,16939257
10/05/2024 22:22:13,2718923
03/10/2024 17:04:30,43274166
06/08/2024 21:01:08,13519755
09/18/2024 11:27:45,94440248
10/13/2024 01:47:11,7427445
01/01/2024 02:31:22,7868370
03/16/2024 17:03:26,28617855
11/09/2024 09:15:14,30075933
10/14/2024 08:52:16,13915670
05/28/2024 10:02:05,94297776
11/13/2024 22:01:30,80808609
06/08/2024 03:05:12,58172729
06/27/2024 11:37:25,85980637
06/23/2024 04:42:12,88401156
01/02/2024 10:08:46,68298644
05/09/2024 23:27:33,18993930
10/06/2024 08:51:48,29575322
09/30/2024 14:02:18,82863488
05/24/2024 06:56:59,84632419
09/06/2024 08:53:28,44087929
01/05/2024 01:38:52,88786456
09/23/2024 02:06:40,12688922
03/21/2024 06:15:44,29729213
11/07/2024 02:39:03,27351569
07/26/2024 22:53:49,51020848
08/12/2024 16:23:29,99578754
08/04/2024 06:32:49,69892083
01/14/2024 13:16:49,29656554
08/04/2024 01:06:27,32771932
02/01/2024 09:10:42,16381595
05/08/2024 22:36:53,38251415
04/13/2024 08:55:31,1116790
04/22/2024 19:59:18,53557071
05/19/2024 05:47:24,11775026
07/08/2024 10:56:53,47881195
09/14/2024 14:45:23,64951512
01/27/2024 13:33:49,97512883
09/28/2024 08:55:30,89929970
04/30/2024 11:50:27,6149935
07/21/2024 06:35:47,45015979
